epoch,lr,loss,iou,val_loss,val_iou,val_dice
0,0.0001,1.0421091261364164,0.2550924051762107,1.1075745480401176,2.0817220399872097e-10,4.163444077325539e-10
1,0.0001,0.9569538320813861,0.4054794957372404,1.0922628073465257,0.004654534314934113,0.009239989060610986
2,0.0001,0.914473397391183,0.43849397316463024,1.042142147109622,0.0009116646961789728,0.0018202564710436612
3,0.0001,0.8906471104848952,0.45704607297685423,0.9908367906297956,0.18731253797574077,0.3112032736913152
4,0.0001,0.8635250897634597,0.47717183655213946,0.9014024110067458,0.4179988426581625,0.5866520728014178
5,0.0001,0.8539011421657744,0.4787626269264221,0.9572433346793765,0.3550335073413076,0.5215468362579972
6,0.0001,0.8373031190463475,0.48694628299166176,0.8737283093588692,0.4348870164671109,0.6025154605495009
7,0.0001,0.8290187631334577,0.5107610993963003,0.8692207449958438,0.4671090684959295,0.6306237452742043
8,0.0001,0.8134141252154395,0.5241937932082945,0.8464938288643247,0.48574439113701035,0.6490562977595277
9,0.0001,0.8131961226463318,0.5117211239602917,0.8221576923415774,0.5161520917141891,0.6760189797536045
10,0.0001,0.801345495950608,0.530828077914809,0.8019919849577404,0.529367680448698,0.6873650714416284
11,0.0001,0.788308112394242,0.5561628016092408,0.8057569208599272,0.5275468801191878,0.684772938167737
12,0.0001,0.7834167622384571,0.539826568261376,0.8245556297756377,0.47267885421172096,0.6344400764229317
13,0.0001,0.7779557676542372,0.5525077922814321,0.8187181154886881,0.497025444457162,0.6585526622941812
14,0.0001,0.7778436711856297,0.5497656725204869,0.8132456086930775,0.5057793102856147,0.6656162899062948
15,0.0001,0.7725447075707572,0.5528962571503081,0.7960675018174308,0.5100432737042039,0.671395935387624
16,0.0001,0.7692752111525762,0.5498517366337229,0.7936363418896993,0.51793008450165,0.6778970878689847
17,0.0001,0.7663827055976504,0.5473784281807885,0.7840922389711652,0.5176293578744566,0.6764432387901431
18,0.0001,0.7613177668480646,0.5482570924519264,0.8426149090131124,0.4472747588967111,0.6107873351869986
19,0.0001,0.7519626333599999,0.5567285682644489,0.7672786485581171,0.5385479395817648,0.6944544602979114
20,0.0001,0.7504380600793021,0.5449110119782828,0.8217143416404724,0.45771531905460316,0.6220627435988326
21,0.0001,0.7510772375833421,0.5392099799455872,0.7897464973585946,0.4922943092737802,0.6562297870362012
22,0.0001,0.7314135886373974,0.5701651259688497,0.7651957046417963,0.5187099351701214,0.6787857470392307
23,0.0001,0.7259255250295004,0.5800784008156602,0.8139669043677193,0.4563470822767665,0.6246912567463584
24,0.0001,0.7271383206049601,0.5762878730936961,0.7435185199692136,0.5532865167441932,0.7094538719124635
25,0.0001,0.7209646928878057,0.5831535239847739,0.7726791813260033,0.516151568575176,0.6764073249919694
26,0.0001,0.7086104892549061,0.5888955459884893,0.7322434839748201,0.5658003538475936,0.7172866833011249
27,0.0001,0.7112946340015956,0.5805612012560839,0.7704521701449439,0.5033286597961549,0.664920216336233
28,0.0001,0.7041911539577302,0.5795186520714942,0.7894618397667295,0.49879425652841275,0.6616325137024882
29,0.0001,0.6943630150386265,0.5849702089872848,0.7314113946188063,0.5331818053381072,0.6915371301215368
30,0.0001,0.6869660105024066,0.607142390174224,0.7437213744435992,0.5187683059497187,0.6803130653454454
31,0.0001,0.6916659105391729,0.5868343028941746,0.7350347155616397,0.5436282413843513,0.7024925774448649
32,0.0001,0.681604578381493,0.6011775047692823,0.7361337201935905,0.5149998327254229,0.6744252156548892
33,0.0001,0.67728172597431,0.5997970204546267,0.7208336080823626,0.5524523788323076,0.7064046667270925
34,0.0001,0.6742105739457267,0.5876391717301551,0.7662247703188941,0.47902981503727726,0.6455858429556672
35,0.0001,0.6527436659449622,0.6323668445809353,0.7208429943947565,0.5623592985213519,0.7177632323958875
36,0.0001,0.6673130109196618,0.5971054606245364,0.7141705467587426,0.5341370724178347,0.6886240876892352
37,0.0001,0.6655365853082567,0.5998038396520652,0.7279383171172369,0.5203003644417348,0.6813958292806865
38,0.0001,0.6609108930542356,0.583464380980285,0.6886964922859555,0.564875017992866,0.7185814873983088
39,0.0001,0.652706884202503,0.5971818304101426,0.6780368259974888,0.5756027102669999,0.7296210863577425
40,0.0001,0.6539663473765055,0.5950526926656071,0.6794621802511669,0.5504708120401636,0.7075534016513629
41,0.0001,0.6402358895256406,0.6069770124013211,0.6894154832476661,0.5552013053681838,0.7103608306484491
42,0.0001,0.6281969291823251,0.6304580202799702,0.7496785180909293,0.504313999504537,0.6653628920957291
43,0.0001,0.643352869011107,0.5901474514186132,0.7163001753035045,0.5170673562653161,0.6757535380650672
44,0.0001,0.6301735639572144,0.6202703488643421,0.6496171951293945,0.5945120916491305,0.7418397054462654
45,0.0001,0.6212671796480814,0.6291156833331597,0.6587020527748835,0.5638332180916972,0.7176507454529794
46,0.0001,0.6262414654095968,0.607368546068731,0.6826422129358564,0.563935774592983,0.7169259883588139
47,0.0001,0.6157572468121847,0.6255781370684035,0.7139232073511396,0.5224441580531476,0.6826895179046006
48,0.0001,0.6031117467653184,0.6418464539253546,0.6860193723724002,0.5230565667262818,0.6819117021783297
49,0.0001,0.6108442913918268,0.6132042615690105,0.6712345197087243,0.5371265082607115,0.6918821744072357
50,0.0001,0.6105767233031136,0.6133219082104778,0.6637033791769118,0.537852208066455,0.6938323495736529
51,0.0001,0.5958922235738664,0.6314416147482942,0.6513943104516893,0.5447551103343804,0.7016526087136439
52,0.0001,0.5987031204359872,0.6270682382155189,0.6672485811369759,0.5214061311135596,0.681986323624969
53,0.0001,0.5797292093435923,0.6500301709806927,0.6591288362230573,0.5511643756138016,0.7074930007950726
54,0.0001,0.5690482684544155,0.6628718223605767,0.7092390684854417,0.49074074040403365,0.6557965696464227
55,0.0001,0.5946927922112601,0.6208162851800034,0.6880153389204116,0.5116330191599656,0.6676978590045233
56,0.0001,0.5862474696976798,0.6291369229762969,0.6301908493041992,0.5613350457056862,0.7113047965249826
57,0.0001,0.5701157819657099,0.6534920008829338,0.6547271921521142,0.5434363969324527,0.6983767082146846
58,0.0001,0.5549418103127253,0.6666225637581911,0.6500758755774725,0.5435882963088604,0.7009232930171485
59,0.0001,0.5634225734642574,0.6489432945702654,0.7109359389259702,0.49551122792592206,0.6572417943962364
60,0.0001,0.5497422104790097,0.6524514082159614,0.6821335781188238,0.5154730828745839,0.6725103341371869
61,0.0001,0.5507383346557617,0.6642684702250798,0.6541044882365635,0.5536678757656245,0.7060674115740468
62,0.0001,0.5497667037305378,0.657820943464783,0.6083603898684183,0.5660706025146501,0.7189204695190778
63,0.0001,0.5406484873521895,0.661035945697899,0.6384167614437285,0.556916873103492,0.709649206508139
64,0.0001,0.5419956034138089,0.6537550386840161,0.6032371549379258,0.5524045182605665,0.7066409086905748
65,0.0001,0.5279999786899203,0.6713738537603633,0.7047541993004935,0.48891533043880536,0.6524380813316618
66,0.0001,0.5330981910228729,0.6560950834771336,0.6838266452153524,0.5018409252000557,0.6624130121087977
67,0.0001,0.5264226964541844,0.6642882672841559,0.6424629234132313,0.5346911655047677,0.6896348401759186
68,0.0001,0.5201060630026317,0.6752466937402474,0.6316924492518107,0.5535163208733677,0.7055261105552159
69,0.0001,0.5189129341216314,0.6682796720858354,0.648581896509443,0.5097631694323217,0.6636829676955645
70,0.0001,0.5178088545799255,0.6634955060617285,0.6371133923530579,0.511272412903466,0.6681970169779964
71,0.0001,0.5111197275774819,0.6602346584285875,0.6058337149165925,0.5841138191351322,0.7352390649226717
72,0.0001,0.5118198650223869,0.6674597618393106,0.6959908973603022,0.48230943251320774,0.6496323450818203
73,0.0001,0.5077889306204659,0.671570368593058,0.6134293505123684,0.5621538050924868,0.7130495599231055
74,0.0001,0.5159859118007478,0.6498993060271196,0.609479254200345,0.5295471585035887,0.6880913877159275
75,0.0001,0.5046753117016384,0.6652882942242853,0.5809863805770874,0.5888119533736029,0.7381304106914409
76,0.0001,0.4918026470002674,0.6769247206079511,0.5839758146376837,0.5709803183562215,0.720226568946005
77,0.0001,0.4881196305865333,0.6773734996336644,0.5736136890593029,0.578691556458475,0.7311072081325471
78,0.0001,0.49385387414977666,0.6779074476879413,0.5734044512112936,0.5902539026639924,0.7403042958799091
79,0.0001,0.4875884112857637,0.6844314877982575,0.5835735684349423,0.5684668889970385,0.721913110547534
80,0.0001,0.48268340882800875,0.6807775063498934,0.5334620901516506,0.6287306234159897,0.7680041265863732
81,0.0001,0.4762720337935856,0.6787534180820869,0.5347799630392165,0.6128236686597245,0.7575508371976207
82,0.0001,0.4729418257872264,0.6727295529157319,0.5674346600260053,0.565291644209188,0.7149326100333696
83,0.0001,0.4657505580357143,0.6928275515443125,0.6024175712040493,0.5423670142690902,0.6993437430831477
84,0.0001,0.4574158007190341,0.7002291548687617,0.5412042793773469,0.5977536989356268,0.7459988981997576
85,0.0001,0.4713664168403262,0.6804278958485129,0.5465412480490548,0.5639048749317607,0.7159496681152387
86,0.0001,0.4362035407906487,0.7217886294805613,0.6396456304050627,0.5121096078738145,0.6740847439870205
87,0.0001,0.4513314167658488,0.7024149232702492,0.5343579806032634,0.600287138387229,0.746995364487596
88,0.0001,0.4411382107507615,0.7196694251843845,0.5472310909203121,0.5811747628846317,0.7332317917984863
89,0.0001,0.4500731598763239,0.6896861171570217,0.5800121171133858,0.5422751799526357,0.7007205933365936
90,0.0001,0.4548914659590948,0.6864314197523396,0.5349041166759673,0.5805661829710956,0.7309484879446929
91,0.0001,0.438631690683819,0.7013710933594555,0.6097421390669686,0.49429371292062224,0.6502633681362328
92,0.0001,0.437617465144112,0.6958852813347279,0.5935374924114772,0.5328211592290649,0.6898441477778505
93,0.0001,0.42155672964595614,0.7190371030091139,0.5829803021181197,0.5547764431737598,0.7077213497542326
94,0.0001,0.4349363503001985,0.6844040066634927,0.5744730617318835,0.5510991366890245,0.7061409312370076
95,0.0001,0.44268745751607985,0.6842047781737968,0.5478778169268653,0.5483127498916774,0.7041437777115552
96,0.0001,0.4289809536366236,0.6928114277723253,0.5263496069681077,0.5927922968586772,0.7407415217214801
97,0.0001,0.3956426594938551,0.7412861848991305,0.5620631575584412,0.5497200116185214,0.7060192811401016
98,0.0001,0.4142392973105113,0.7079665620955108,0.5161446517422086,0.5992675292365,0.744151498432535
99,0.0001,0.4128940346695128,0.7115862482562969,0.5249067204339164,0.5916226884649209,0.7394702572670957
100,0.0001,0.41845257367406574,0.7084523212448911,0.5652404399145217,0.5378763118405638,0.6944858243623844
101,0.0001,0.4081791284538451,0.7143044349190603,0.5450388136364165,0.5663621927663668,0.7171194366242223
102,0.0001,0.42100106534503756,0.7009101359913203,0.5439492889813015,0.5619074743208268,0.7162963166722449
103,0.0001,0.39009101617903935,0.7322783905846416,0.4923486340613592,0.6362195191000011,0.7736898038433385
104,0.0001,0.4043666067577544,0.7097911410391274,0.531147321065267,0.5801009994397688,0.7299896159171078
105,0.0001,0.41196846394311815,0.7077142224926012,0.5319212675094604,0.5756631740184753,0.7273047106160115
106,0.0001,0.3819935165700458,0.7313061045362615,0.5015622703802018,0.5934816507089539,0.7408585710932373
107,0.0001,0.3987340515568143,0.706785321915436,0.6191276851154509,0.49831229803211713,0.6632759522597569
108,0.0001,0.39459060487293063,0.7175376455256866,0.5375150115717025,0.5650272122371454,0.7175287681339169
109,0.0001,0.39700001620111014,0.7051036922950887,0.4715766381649744,0.6322826829938857,0.7726386071030638
110,0.0001,0.3815097510814667,0.7292871154827241,0.49175078528267996,0.6029175204747854,0.7497049360964219
111,0.0001,0.3690080756232852,0.7449292899646295,0.48528137519246056,0.6310985455123186,0.7712461011477141
112,0.0001,0.3627989221186865,0.7539177991219328,0.5299441814422607,0.5674023991121857,0.7207867603416526
113,0.0001,0.38243670974458965,0.7276551218051607,0.5673762389591762,0.5243741886257761,0.6821053725934467
114,0.0001,0.37506340798877535,0.718909353833817,0.5427406785033998,0.5679169083273047,0.7169426126125216
115,0.0001,0.38219668184007916,0.7200062465794881,0.496913024357387,0.5913804588206392,0.7404750806608028
116,0.0001,0.3650989504087539,0.7278490162839214,0.5421609211535681,0.5453612486246096,0.7020863661721063
117,0.0001,0.35798143772851854,0.7449026911764511,0.4785734102839515,0.6163174868942972,0.7582088858531005
118,0.0001,0.3606689309790021,0.7310764413256831,0.45420898568062557,0.6534679266118254,0.7876758025464532
119,0.0001,0.37069375600133625,0.725864085266452,0.5063180781546093,0.5749402698164047,0.7270260795692058
120,0.0001,0.3478239136082785,0.749814533006863,0.5030620012964521,0.5745347445740387,0.7271970640562625
121,0.0001,0.34371790360836757,0.7447952178545,0.48023626917884465,0.5989899729130175,0.7463547340358508
122,0.0001,0.36080158324468703,0.7193542577512084,0.4702480634053548,0.6021625761549749,0.7476204682100506
123,0.0001,0.3500841770853315,0.7333047580152876,0.5106485344114757,0.5673875177291172,0.7188722373170886
124,0.0001,0.3369948324703035,0.7556612489193555,0.5254195956956773,0.5499820358091181,0.7046211802015249
125,0.0001,0.3477655805292584,0.7337560581963195,0.4700907383646284,0.6260938067063287,0.7662965034899933
126,0.0001,0.31853823576654705,0.7739059997465477,0.4691019356250763,0.602709977300516,0.7474677138107588
127,0.0001,0.3332770537762415,0.7546223176977291,0.46328113618351163,0.6082395592809939,0.7523322139419714
128,0.0001,0.33884619034471963,0.7424918439439624,0.47941192275001887,0.5877365051653035,0.7360735481194614
129,0.0001,0.3245463179690497,0.767657835057536,0.473655960389546,0.6011621396996341,0.7454998735089872
130,0.0001,0.33341389894485474,0.7419541831624242,0.44828817674091886,0.620345161211069,0.76072722383253
131,0.0001,0.31531169584819246,0.7655684017147183,0.4692016314892542,0.5950750032806894,0.740471768347675
132,0.0001,0.30715098693257287,0.7851559766660723,0.4924509766555968,0.585653850606044,0.7327111845626018
133,0.0001,0.31204395634787424,0.7726504689625854,0.4851385255654653,0.5946429715561301,0.7384607586389722
134,0.0001,0.3230671669755663,0.7515981448371862,0.5044757808957782,0.5681495243421301,0.714858433133036
135,0.0001,0.3210443982056209,0.7555514379722392,0.5217958859034947,0.5466221574966129,0.6992261736896394
136,0.0001,0.31261664841856274,0.7590124062139839,0.5626979101271856,0.5292802401095285,0.6871224990810971
137,0.0001,0.32895536720752716,0.7481693765326176,0.5042757874443418,0.5538332915719105,0.7041362601390122
138,0.0001,0.3307733940226691,0.735166806705885,0.49088496395519804,0.5805643332347121,0.7299040164024767
139,0.0001,0.31469422862643287,0.7509921663982785,0.47139528961408705,0.5995102498321083,0.745027729182885
140,0.0001,0.34007640679677326,0.7310304776310064,0.5021022089890071,0.5613536021179166,0.7150860087479323
141,0.0001,0.3073849408399491,0.7683329194364334,0.44653260991686866,0.6111175178353262,0.7554336571233952
142,0.0001,0.3181665234622501,0.7515696063493011,0.45676311424800325,0.6015739515876964,0.7479080821664963
143,0.0001,0.32537586490313214,0.7412494027626167,0.5016246310302189,0.5623927575820948,0.7166098618116286
144,0.0001,0.3006792309738341,0.7680757110874336,0.4747560393242609,0.5881321422865378,0.7385307636825404
145,0.0001,0.31504339689300176,0.75096490583891,0.47793045498075937,0.5841247343751248,0.7324674338401442
146,0.0001,0.31021564702192944,0.7570127696026389,0.484132034437997,0.575435365183988,0.7254967810294227
147,0.0001,0.30681015693006064,0.7572218430302148,0.4608841949985141,0.6066500625850351,0.7525446485764026
148,0.0001,0.33836755014601205,0.7249267998250076,0.5066456638631367,0.5685761765897983,0.7223081340084802
149,0.0001,0.3013441896154767,0.7595503339429064,0.515793229852404,0.5606922535557267,0.7104911905987671
150,0.0001,0.29076701473622096,0.7742638320552976,0.4723687469959259,0.5863854682943885,0.7344978461987183
151,0.0001,0.3007669221787226,0.7719471327712648,0.46028813010170344,0.5957663250957778,0.7415243556902594
152,0.0001,0.31908223316782997,0.7303120457607906,0.47776828209559125,0.5669175288068241,0.7206461640751218
153,0.0001,0.2829589999857403,0.7807661872463799,0.4713726795855023,0.5840735924493649,0.7307523975461128
154,0.0001,0.29101409230913433,0.7576855197120667,0.4668096729687282,0.5930468788848278,0.7382822774010475
155,0.0001,0.28897357341789065,0.769053284739577,0.437468375478472,0.6122495178443389,0.7548322907328939
156,0.0001,0.2870460883492515,0.7726834288448268,0.4666940172513326,0.588688971051137,0.7354672264016979
157,0.0001,0.27271806200345355,0.7808662638999118,0.4448199101856777,0.6082457706253435,0.751943430958534
158,0.0001,0.2741936282033012,0.7855525636740135,0.4980050055753617,0.5585391914945989,0.7112292488128076
159,0.0001,0.2706835035766874,0.7896951271011811,0.5293989664032346,0.5372754691944792,0.6932730547907353
160,0.0001,0.2763299374353318,0.7789822127303988,0.47523574460120427,0.570348659759889,0.7220617147993714
161,0.0001,0.3007191675049918,0.7476481304710457,0.46140049185071674,0.605273582714115,0.75103645082381
162,0.0001,0.28379646227473304,0.7687625015407804,0.43018402514003573,0.6165957462563942,0.7597455239747269
163,0.0001,0.2677910476922989,0.7804288077397775,0.4799739065624419,0.5809726367137785,0.7323921257660019
164,0.0001,0.2544273216099966,0.7992287355830291,0.4735811792668842,0.5878880542493815,0.7349925269329178
165,0.0001,0.2621990967364538,0.7880443927320682,0.4843788586911701,0.576356114534725,0.7228692374812373
166,0.0001,0.25701775224435897,0.7988696516741178,0.4501075858161563,0.6007232523194087,0.746585538848913
167,0.0001,0.2861147636458987,0.763811588075655,0.4499565391313462,0.620630802796906,0.7622360437159301
168,0.0001,0.2505619561388379,0.7995290318170682,0.49939176582154776,0.5736058199372495,0.7206401258899142
169,0.0001,0.260067832611856,0.7927516029275655,0.4407045642534892,0.6104191568117416,0.7539267774090591
170,0.0001,0.2701421032349269,0.772793353525288,0.4757407619839623,0.5728067644141117,0.7173396450014644
171,0.0001,0.27121418998354957,0.7768363856798212,0.43229736600603375,0.6143447942709878,0.755798817042755
172,0.0001,0.2723536690076192,0.7706535243550896,0.41478384676433744,0.64505183500812,0.7820700213387406
173,0.0001,0.25542615283103215,0.7864907455559548,0.4489330181053707,0.5983447568421738,0.7418856535803984
174,0.0001,0.253450646286919,0.7932938574351385,0.4362492234933944,0.6079253776800112,0.7508967138170959
175,0.0001,0.25874075506414684,0.778455471003013,0.4849040408929189,0.5624789503329736,0.7126739849504818
176,0.0001,0.2527461108707246,0.7982547175853105,0.4348544130722682,0.6183519562067955,0.7582210034845781
177,0.0001,0.2556353984844117,0.7870564423599339,0.40588083934216274,0.6392047484596248,0.7752068786453558
178,0.0001,0.24410879966758547,0.7957076843512736,0.4079558097180866,0.6329640686449631,0.769620150292198
179,0.0001,0.2388121961128144,0.797161300470599,0.42678807533922647,0.6175056055517038,0.7579476042465852
180,0.0001,0.2301596523750396,0.818416578390225,0.43442873727707637,0.6058842365521103,0.7496001378665023
181,0.0001,0.22494724321933018,0.8173569501738375,0.4237252672513326,0.6140065289923445,0.7561526026167532
182,0.0001,0.23008653734411513,0.8096355372890469,0.4623073013055892,0.5842112665608581,0.7305710655150603
183,0.0001,0.23483632504940033,0.81080625017633,0.46867204847789945,0.5796426485978898,0.7297860583981391
184,0.0001,0.2282822188876924,0.8115200780762473,0.4559689689250219,0.5864618101673739,0.7334019693206212
185,0.0001,0.24070973623366582,0.8053080132359928,0.44104097144944326,0.6044313760518517,0.7483885938938206
186,0.0001,0.24027558451607114,0.8063596563463212,0.46413522036302657,0.59016488089108,0.7373460619398513
187,0.0001,0.23624493181705475,0.8035280287296664,0.42018614567461465,0.6166501955621403,0.7587011722631439
188,0.0001,0.23579469252200352,0.8053693756123912,0.4376152427423568,0.6078943107277286,0.7508659785051988
189,0.0001,0.22766825556755066,0.8198218556906353,0.4409259004252298,0.5920787203736597,0.7398865311593056
190,0.0001,0.2227585372470674,0.8161504019196202,0.40360652690842036,0.6373080710960236,0.7756303224688165
191,0.0001,0.22761073140870958,0.8078999846455607,0.4238728341602144,0.6180015755078029,0.7603410309087774
192,0.0001,0.22326805407092684,0.8169925769753199,0.4326964680637632,0.6058999567984356,0.750426069643896
193,0.0001,0.22600226530006953,0.8154061752129096,0.43253772741272334,0.6021415832595577,0.7478475968302227
194,0.0001,0.22711120120116643,0.8154550815936488,0.4245773298399789,0.619123539213802,0.7616937884124843
195,0.0001,0.22035294132573263,0.81383938809703,0.42567709797904607,0.6187427007340895,0.7603108781338846
196,0.0001,0.23291923318590438,0.8097139102429209,0.44307379779361544,0.5870527331250829,0.7346426604080142
197,0.0001,0.22365641239143552,0.8128426738379224,0.4465447252704984,0.6003937222471704,0.744724624232348
198,0.0001,0.21528956506933486,0.8209786119866206,0.46198931478318717,0.5881589087041051,0.7355885471646667
199,0.0001,0.22897967625231969,0.8078308856016233,0.40847409481094,0.624455825701404,0.7643418145466292
200,0.0001,0.21804649560224443,0.8169874297707137,0.45731539385659353,0.5876179460302331,0.7360516698589168
201,0.0001,0.21582502055735814,0.8216960601089249,0.3855935377734048,0.6530918183634757,0.7880977937327474
202,0.0001,0.21692239599568502,0.8220929518695166,0.4007123609383901,0.6264561080912867,0.7661084328756294
203,0.0001,0.21073525718280248,0.8230067970917458,0.3665910391580491,0.6765756645919514,0.8052156873335383
204,0.0001,0.2148572788352058,0.8126162143791779,0.4356454263130824,0.6006423321839227,0.7456317351085766
205,0.0001,0.2040507999204454,0.824056453078278,0.38957561055819195,0.6417881329400031,0.7795494164736975
206,0.0001,0.1980129735810416,0.8376110537456912,0.3867301990588506,0.6480903244108325,0.7848302594913709
207,0.0001,0.20410229691437312,0.8281008799792182,0.4132943465596154,0.6259458720531101,0.7670096191315323
208,0.0001,0.21247653734116329,0.8190547521108646,0.4091665290650867,0.6265987279566433,0.7670765994448575
209,0.0001,0.2072714049191702,0.8297670879825608,0.41603791571798776,0.6206563186887738,0.7631870194159961
210,0.0001,0.2211286886816933,0.8081644110812153,0.43384845767702374,0.6059962161438466,0.7498239753060993
211,0.0001,0.2200501561164856,0.8068787205319917,0.42609958137784687,0.6042377655490644,0.7503114387868758
212,0.0001,0.21847292497044518,0.8047339659695186,0.4497422888165429,0.5782313187613027,0.7249661681249125
213,0.0001,0.2093530964283716,0.8176299492615743,0.42937021879922777,0.6012810728410893,0.7456858279667424
214,0.0001,0.206093905937104,0.8334703150706121,0.4463665790501095,0.5934450339679641,0.7388358745155128
215,0.0001,0.19842553990227835,0.8278307289743096,0.40433265268802643,0.6289200817414711,0.7686014900426695
216,0.0001,0.19463417927424112,0.8319434705146195,0.4245976812782742,0.6140861282285494,0.7545843842349319
217,0.0001,0.19786949100948514,0.832729529621128,0.4239900921072279,0.6082812468486969,0.7519490905434614
218,0.0001,0.19813493887583414,0.8278389012166366,0.43905145000843776,0.5976314017136232,0.7421484039413306
219,0.0001,0.19952928310348875,0.8195323651054759,0.4262527695723942,0.6120986265158432,0.7542962168359835
220,0.0001,0.21075746346087681,0.8264658882088711,0.4035220586118244,0.6205678940272883,0.762191604663905
221,0.0001,0.20173691496962592,0.8284165677938662,0.40215904797826496,0.6262694337218393,0.7665980491563593
222,0.0001,0.19430449959777651,0.8420931458517089,0.42587359462465557,0.6132287116454462,0.7567313718984694
223,0.0001,0.18652101570651644,0.8448253735075623,0.4312676091988881,0.6003470860997768,0.7454196632685289
224,0.0001,0.18933028905164628,0.8391709956574436,0.398208703313555,0.6222988038584792,0.7638883066858971
225,0.0001,0.1802988439088776,0.8453576631201793,0.43896561364332837,0.5975781400094752,0.7426099248521895
226,0.0001,0.1859926822639647,0.8409747550645967,0.4214323021116711,0.607372190937397,0.7519476686457975
227,0.0001,0.19706539312998453,0.8311061091603645,0.4485450954664321,0.5996326322682477,0.7459427569912516
228,0.0001,0.1858669945171901,0.8388734691400882,0.46105973990190596,0.5785281333508479,0.7260220259135599
229,0.0001,0.18168448266528903,0.8444289989238026,0.4498464408374968,0.6003574505806785,0.7448124264137729
230,0.0001,0.18666828175385794,0.843436455957101,0.4616680968375433,0.5823130738617758,0.7298095899782782
231,0.0001,0.18624336414393924,0.8373731746955599,0.48839899329912095,0.5638653237253421,0.7142580586852875
232,0.0001,0.1775723717042378,0.8470972983589866,0.4373545753104346,0.6057845520252788,0.7500313716582557
233,0.0001,0.18614876518646875,0.8425319432992131,0.41185682870092843,0.618415982322522,0.7602253941049952
234,0.0001,0.18257702532268705,0.8462932279324122,0.43250755752835957,0.6042848938939122,0.7494625708420708
235,0.0001,0.17867468084607804,0.8486374491962058,0.4245143546944573,0.6187021484657992,0.7598244797981321
236,0.0001,0.1828930541163399,0.8423252290494804,0.42752160131931305,0.6113201675418453,0.7545530305257329
237,0.0001,0.17251399904489517,0.8508132038158054,0.42400876326220377,0.6119760249647209,0.7544603947642676
238,0.0001,0.1905972042254039,0.8391844138017452,0.4446530214377812,0.6037929715021209,0.7486120150696043
239,0.0001,0.1774203468646322,0.8479401732938451,0.4544044094426291,0.5970324384681278,0.7427969396525216
240,0.0001,0.16570153193814413,0.8581672770365598,0.41816561988421846,0.6216770772961365,0.7622106396313841
241,0.0001,0.18016654394921802,0.8408318327247066,0.435243132568541,0.6115068250392014,0.7548794571823283
242,0.0001,0.17611711578709738,0.8468769189459353,0.4552105203980491,0.5895687665937812,0.7366969989213634
243,0.0001,0.17343673287403016,0.8472817165186922,0.42766348875704263,0.6167293252964876,0.7592897084048553
244,0.0001,0.17589894717647916,0.8486416298962978,0.4454446392399924,0.6001390592470381,0.7447818192102741
245,0.0001,0.1716502003726505,0.8496041602386465,0.4483864321595147,0.5975473969247275,0.7426194944701463
246,0.0001,0.1708110123872757,0.8481313040456762,0.4246391866888319,0.6184919867907676,0.7600281891106323
247,0.0001,0.16510873749142602,0.8558801969111791,0.4393328740483239,0.6099168036899716,0.7535461290653103
248,0.0001,0.17947079702502206,0.8433412713788936,0.4283565673090163,0.6095021178155036,0.7538061672144487
249,0.0001,0.17210584382216135,0.8507863714769781,0.4195849625837235,0.6218912315883551,0.7631309325602332
250,0.0001,0.15536519530273618,0.8691712414213223,0.4442721122787112,0.5982129313878124,0.743660220059775
251,0.0001,0.1601263483365377,0.8666880313787532,0.41888709933984847,0.6200301488539823,0.7609952868722661
252,0.0001,0.16222510557799114,0.8604467761880683,0.4373934723082043,0.6057208299935117,0.7488208855499097
253,0.0001,0.18113214061373756,0.8483375799863525,0.4477584809064865,0.6107001304247027,0.7525417766729368
254,0.0001,0.17629741025822504,0.8429565774254041,0.4689410499164036,0.5846049090167014,0.7296077855455996
255,0.0001,0.17792376769440515,0.8392364277166144,0.44626060412043617,0.5959066834672263,0.7401961452019097
256,0.0001,0.16544377378055028,0.8529900852437089,0.4547258218129476,0.5936769076797608,0.7380560168898698
257,0.0001,0.16086387244008837,0.8594761346706008,0.4245806946640923,0.60914938786333,0.7528155896767352
258,0.0001,0.17030741274356842,0.8501001110634466,0.426055018390928,0.6013000891756483,0.7474924255520453
259,0.0001,0.16841334601243338,0.8497782485192245,0.40762775923524586,0.6207452852743179,0.7631299159715178
260,0.0001,0.1671082867043359,0.8529746299004363,0.4395979642868042,0.5888717229153771,0.737609854115615
261,0.0001,0.15399858036211558,0.8578485255778135,0.42253152032693225,0.611175415107416,0.7556637453635396
262,0.0001,0.1574363580771855,0.8618989876255528,0.4110733526093619,0.6223703551579114,0.763683646296152
263,0.0001,0.15875043400696345,0.8611387048216486,0.4318884348585492,0.6070435805099447,0.7516938345769028
264,0.0001,0.16032512344065167,0.8575980379503095,0.4359492666664578,0.6101887165068287,0.7525768056970165
265,0.0001,0.16178193369082042,0.8607378027270703,0.4462879108531134,0.5932400295760625,0.7403869151227644
266,0.0001,0.16472668165252322,0.850319395983856,0.42695983392851694,0.61134964415091,0.7530668788510673
267,0.0001,0.15520721957797096,0.8596969216820259,0.4204745136556171,0.618789050905749,0.7607083673291847
268,0.0001,0.16092629730701447,0.8573032038940331,0.43151174059935976,0.6003614737311864,0.7456316460225226
269,0.0001,0.15696911159015836,0.8658084541162929,0.44791345369248164,0.5912063297814618,0.7371211850903363
270,0.0001,0.14828372640269144,0.8702675563067326,0.4457279159909203,0.5901466635272508,0.7366760774590759
271,0.0001,0.15100357504118056,0.8670644912196809,0.44207764097622465,0.5904273648034668,0.7367404600577467
272,0.0001,0.16219145591769898,0.8573137291212569,0.4445432750951676,0.5916809459717408,0.738609026111025
273,0.0001,0.1550846632037844,0.8607107176390579,0.4185030431974502,0.6215757094940962,0.7621470131510946
274,0.0001,0.15527299720616566,0.8631676411774539,0.42685910207884653,0.6193384269179246,0.7608579004540377
275,0.0001,0.16063859916868664,0.8601467508202425,0.39899678031603497,0.6375809956703471,0.7757666315068799
276,0.0001,0.14643787805523192,0.874976228314239,0.40220363509087337,0.6357109760636236,0.7733982999300011
277,0.0001,0.1457295570345152,0.8772398036242033,0.40913979354358854,0.6328181381809265,0.7715407836177713
278,0.0001,0.1639943310902232,0.8563618302185535,0.3959673863081705,0.6362306440575297,0.7738811463333846
279,0.0001,0.16382805719262078,0.8514076136413292,0.39181959203311373,0.6449496091240204,0.7805000838824557
280,0.0001,0.14704081841877528,0.8688948681283554,0.42295293297086445,0.622271796161081,0.76203279144473
281,0.0001,0.15345090663149244,0.8628965073362238,0.40274216376599814,0.6358008591615265,0.7726623729929701
282,0.0001,0.14946766197681427,0.8704109407704228,0.39360228251843227,0.6391777629143234,0.7764026420752496
283,0.0001,0.15138806438162214,0.864091481809356,0.39594618266537074,0.638141594455915,0.7753581505765242
284,0.0001,0.14936155045316332,0.8734689509551927,0.4202812207596643,0.6217426170803353,0.7613996036524486
285,0.0001,0.1522639078043756,0.8631098484434706,0.43347869387694765,0.6065546557651794,0.7494948867514577
286,0.0001,0.13540045952513105,0.8819558991833018,0.4330955644448598,0.6044059200614461,0.7480322171236017
287,0.0001,0.1424352948864301,0.8712738833102736,0.4136431614557902,0.6285708765970323,0.76708305687141
288,0.0001,0.14492800051257723,0.8735802880026997,0.4095038104624975,0.6351456837995243,0.7723346700666431
289,0.0001,0.13248203978652046,0.8832073672066789,0.40195360637846445,0.6347418481994732,0.7724137624272954
290,0.0001,0.14063019092593873,0.875374357294646,0.4063852486156282,0.6330662388665071,0.7711381094227244
291,0.0001,0.15711381676651182,0.8583577262109834,0.41871220157259986,0.6167335926792515,0.7585455973823929
292,0.0001,0.13530047166915166,0.8802955875820624,0.42190165037200567,0.6152520707584105,0.7565141490402667
293,0.0001,0.14452382354509263,0.8751735339898029,0.41644456060159774,0.6217637005057493,0.7619788003722702
294,0.0001,0.14002786257437297,0.8791691302404849,0.4171186288197835,0.621551655376286,0.7615625592742717
295,0.0001,0.1372064912603015,0.8786678662092924,0.4203778150535765,0.6287298486960359,0.7674685583682719
296,0.0001,0.1388378022682099,0.8817112092436327,0.4137758499100095,0.631129771764464,0.7694927991895775
297,0.0001,0.1342451572418213,0.8859444668739768,0.4328895544721967,0.615418599231858,0.7567597228669336
298,0.0001,0.1351549533151445,0.8809950606185171,0.43458604457832517,0.6163338250207658,0.7575482749657322
299,0.0001,0.14700140697615488,0.868142459571372,0.45034828853039516,0.6033581572912498,0.746899678759944
300,0.0001,0.13590838866574423,0.880597470891965,0.43392441882973626,0.6184161740974401,0.758639928566929
301,0.0001,0.1331908344512894,0.882264577674504,0.4265828366790499,0.626203165306037,0.7650545146348693
302,0.0001,0.1352552335177149,0.8832532851786483,0.43001794602189747,0.6209340056942585,0.7612413529443209
303,0.0001,0.13138587524493536,0.8874323693161088,0.42867242722284227,0.6181525951333652,0.7586745725490411
304,0.0001,0.13537922040337608,0.8809567563997047,0.434411448382196,0.6067026263986305,0.7491505157967492
305,0.0001,0.13734890130304156,0.8792166743370833,0.4415974432513827,0.611413060834057,0.7525546938875353
306,0.0001,0.12692880027350925,0.889807097106328,0.4443526409921192,0.6116425239912175,0.753512093082061
307,0.0001,0.13351935006323315,0.8796571389810313,0.4290706742377508,0.6178122909508582,0.7587652338649327
308,0.0001,0.13041906271662032,0.8869956715575172,0.4320970007351467,0.618369292161713,0.7592017203659827
309,0.0001,0.13653121108100527,0.8835932767969984,0.42671107536270503,0.6231371652272107,0.7631732801445376
310,0.0001,0.1348623480825197,0.8828305838952705,0.42515523660750615,0.6258452668549754,0.7655290348126285
311,0.0001,0.1328380409450758,0.883164206506852,0.43247375743729727,0.6226153598597072,0.7622672815183591
312,0.0001,0.1325406843707675,0.8795393463072875,0.4356997162103653,0.619056240452586,0.7592952005429913
313,0.0001,0.13014027547268642,0.8833518576998545,0.42305573962983634,0.6274759611408882,0.7669137917728216
314,0.0001,0.1315336837655022,0.8829760502291667,0.4324008829536892,0.6202665837015265,0.7605606699145282
315,0.0001,0.12814935190337046,0.8840953306412854,0.423187507050378,0.6268044703011375,0.7654715361752803
316,0.0001,0.12575951183126086,0.8873159837156062,0.43812452043805805,0.616197522360745,0.7566118751201214
317,0.0001,0.14293058464924494,0.8803114926209021,0.444641765384447,0.6123774247683286,0.7536402797238876
318,0.0001,0.126218804646106,0.8899180069536744,0.4427978907312666,0.6160253920193974,0.7572052650922052
319,0.0001,0.13272022704283395,0.8789307316087077,0.43656806080114274,0.6149721852392629,0.7565455917071716
320,0.0001,0.1302031757576125,0.8885486907200304,0.4515390793482463,0.6073300790466943,0.749495841794809
321,0.0001,0.12886259030728114,0.8870509361821435,0.43567140329451787,0.6156740549278344,0.7565893299446809
322,0.0001,0.12523035953442255,0.8869117460127336,0.44432305651051657,0.6082865090726172,0.7504928334609843
323,0.0001,0.1324405680809702,0.8831179658723995,0.4386718656335558,0.611492240221844,0.7538679034597889
324,0.0001,0.12390760829051335,0.893601262961555,0.4246279930784589,0.6260870188978105,0.7651588016419953
325,0.0001,0.12954651990107127,0.884957507970273,0.42458765350636984,0.6283441690156321,0.7670362558443696
326,0.0001,0.1296892144850322,0.8815242193068334,0.4317097415526708,0.6217903002710948,0.7617669436031379
327,0.0001,0.12526858065809524,0.8912875441776942,0.44043359586170744,0.616934631552348,0.757596914255353
328,0.0001,0.12463163442554928,0.891479071247628,0.4375894452844347,0.6205030028047394,0.7610698653553164
329,0.0001,0.12899799148241678,0.8851743085610806,0.4345521167630241,0.6221020604034576,0.7623328468189614
330,0.0001,0.12735815239804132,0.8899972239045051,0.43670141271182467,0.6206964816166618,0.7613339016546293
331,0.0001,0.12036544723170144,0.8943866446839495,0.4334599758897509,0.6235376168883564,0.7628831565884631
332,0.0001,0.12212840609607242,0.8914229224424792,0.4371173807552883,0.6169328055596072,0.7579416983914109
333,0.0001,0.12795551192192806,0.8860951665524928,0.4435312847296397,0.616606656283184,0.7573072093130945
334,0.0001,0.12238358741714842,0.8911393643786987,0.4532182088920048,0.6066554598329054,0.7494604978046508
335,0.0001,0.1269256401629675,0.8932074349721979,0.4429263323545456,0.6139956904465131,0.755073947705172
336,0.0001,0.1209275633806274,0.8908169483091108,0.4423491479385467,0.6144397675949009,0.7552755813019632
337,0.0001,0.12330859793084008,0.8890146659970559,0.43508967615309213,0.6196431498684788,0.7595870311846762
338,0.0001,0.11891305127314158,0.8974070944302762,0.44443261126677197,0.6117831674650185,0.7536530106459254
339,0.0001,0.12385854231459754,0.8915321547493589,0.44765993243172053,0.6108900363060635,0.7524593971307152
340,0.0001,0.12205342380773454,0.8899095033460956,0.445228969057401,0.6147368504462807,0.755554012602845
341,0.0001,0.12141177306572597,0.891557887307679,0.4465892747754142,0.6123151601461666,0.7534939843287185
342,0.0001,0.11840237428744634,0.8975835237319094,0.43609775389943806,0.6196872218740482,0.759757894816564
343,0.0001,0.11974846074978511,0.8917152169857988,0.4371852768318994,0.6216277029191798,0.7611078860783256
344,0.0001,0.12188702289547239,0.8950609562512971,0.43214458298115505,0.6234570366896183,0.7627791069413399
345,0.0001,0.12771291108358473,0.8916216333984333,0.4278405635129838,0.6278017236321898,0.7669420562129188
346,0.0001,0.11701610223168418,0.9003033197097539,0.4395598158949897,0.616579612924371,0.7575594970739764
347,0.0001,0.12048626620145071,0.8897143607371267,0.4464070697625478,0.6144435123369372,0.7552636176019305
348,0.0001,0.12516837460654123,0.8877363451088432,0.4531976247117633,0.6094941451340761,0.7510788218278794
349,0.0001,0.1183756689230601,0.894202101210233,0.442266604020482,0.6144122416281206,0.7557950877516166
350,0.0001,0.11988971346900576,0.8945590210016483,0.44189868228776114,0.6135790687180871,0.7553752937170075
351,0.0001,0.11911328030484063,0.8957128626523957,0.43661383929706754,0.6193031749674398,0.7595580546097247
352,0.0001,0.12880963016123997,0.8850627094061939,0.4353887417486736,0.6158313221437186,0.7571459782630637
353,0.0001,0.11557441630533763,0.8973706485528494,0.4315905925773439,0.6223870545215641,0.7625397699724856
354,0.0001,0.12263289980945133,0.891586769956269,0.43238483866055805,0.6219478176383125,0.7620554117024645
355,0.0001,0.11909342060486476,0.8952280339030007,0.43596944000039783,0.6181839175830944,0.7594409248640288
356,0.0001,0.11695363727353868,0.8963943458506081,0.4414403083778563,0.6121071978409653,0.7547420450019142
357,0.0001,0.11244844184035346,0.8975701958922419,0.4359628643308367,0.6206651160942204,0.760916248756731
358,0.0001,0.11985405889295396,0.8945541540989,0.42671594875199453,0.6255998169968523,0.765139348097408
359,0.0001,0.12265778013638087,0.8930465647690029,0.42362592546712785,0.6258371530246167,0.7654205609396276
360,0.0001,0.11305600298302514,0.8998269170901545,0.43177753332115354,0.6208916530600991,0.7609626646446431
361,0.0001,0.11711417777197701,0.8963695626219211,0.4417205389056887,0.6131302897071873,0.7546940210371281
362,0.0001,0.11473086334410168,0.8994224631291177,0.43571282568432035,0.6159620636630397,0.7570395630643902
363,0.0001,0.11776947513932273,0.8969199500672632,0.4363786159526734,0.620411656498079,0.7605607749786042
364,0.0001,0.11926254133383433,0.8953071900968745,0.4353491273664293,0.6200043786662222,0.7606308270823525
365,0.0001,0.11265989180122103,0.8989158328301079,0.44463215129716055,0.6102376470828416,0.7529632775178267
366,0.0001,0.11394519678183965,0.8997026671433481,0.4371547088736579,0.6161661974468424,0.7579565371026249
367,0.0001,0.11789166608027049,0.8937382423018893,0.4285201082626979,0.6231416802605096,0.7637241790907116
368,0.0001,0.11047639378479548,0.9018176300014269,0.4320485159045174,0.6210427322522822,0.7619925922427777
369,0.0001,0.10900326321522395,0.9066877784538635,0.4342204523938043,0.6204414518484525,0.7607907413216912
370,0.0001,0.11566246904077984,0.8950832606696979,0.43680477355207714,0.6185025206604252,0.759084780553453
371,0.0001,0.11491987641368594,0.9005318284821693,0.43963626665728434,0.617717560240737,0.758532480321044
372,0.0001,0.11954514646813982,0.8948889377956726,0.4353618181887127,0.6217722462471644,0.7620449553067852
373,0.0001,0.11458170662323634,0.9019777598771497,0.44260262023834956,0.6129161496449468,0.7550266983400179
374,0.0001,0.11482048105625879,0.896857601068813,0.4423761296839941,0.615994769520501,0.7574974562643588
375,0.0001,0.10602975352889016,0.9091300513848334,0.44739266733328503,0.6118631839919791,0.7544497667774264
376,0.0001,0.1149445374806722,0.9012129250806573,0.4208606779575348,0.6216813886001512,0.7619482259161736
377,0.0001,0.11387737875893003,0.8990528453253769,0.4189220319191615,0.6226339814420764,0.7631020519333278
378,0.0001,0.11441889972913832,0.9004382138727888,0.41672206492651076,0.624764473814699,0.7645532559942121
379,0.0001,0.11568582980405717,0.8995855711605895,0.4150696801287787,0.6274924144424612,0.7665926374673996
380,0.0001,0.11613650690941583,0.8997821852224397,0.41911898979118895,0.6282824044812289,0.7677172169801809
381,0.0001,0.11371837733756929,0.9016245544167163,0.42797662743500303,0.6190483364342718,0.759891159999397
382,0.0001,0.1137356875198228,0.9004660336400027,0.4252244134744008,0.6258802963734206,0.7650473488458748
383,0.0001,0.11142878873007638,0.9016986030322519,0.4233141066063018,0.6222711104363194,0.7625206762988983
384,0.0001,0.12228842221555256,0.8966196238191179,0.4299054408357257,0.6191645435197335,0.7596734161214784
385,0.0001,0.12050338160424005,0.8883026118241917,0.43514926731586456,0.6197174081512948,0.7598005999667079
386,0.0001,0.11034331683601652,0.9027304838026069,0.42828940635635737,0.6219272679196829,0.7620751736340902
387,0.0001,0.11441905654612042,0.9011619487749514,0.42904231945673627,0.6201764130432996,0.7607532783043143
388,0.0001,0.10688187643176034,0.9068068302553908,0.42581801684129805,0.6246604784480717,0.7646306991080968
389,0.0001,0.1077862378387224,0.9016002365094844,0.42859851320584613,0.6223909795563206,0.762352968891877
390,0.0001,0.11672714636439369,0.897145339624149,0.43140292664368945,0.6204852423840931,0.7608785783403194
391,0.0001,0.11100355784098308,0.9006432729251262,0.4256893013204847,0.6241688911267659,0.7639819645604827
392,0.0001,0.11770303369987578,0.8939216295079668,0.4367788206963312,0.6194625352174412,0.7605801693794498
393,0.0001,0.1029437698778652,0.9088468135521537,0.43091203556174323,0.6268007216880632,0.7666676185471888
394,0.0001,0.11006414677415575,0.9039845550974089,0.4325191988831475,0.6245581529082934,0.7649423842721849
395,0.0001,0.11173262943824132,0.8972820259174351,0.41444364473933265,0.6352366395740913,0.7732092759047683
396,0.0001,0.1104172585265977,0.9002914673093562,0.4138097997222628,0.6382183982841277,0.7755360890883057
397,0.0001,0.10375556491670154,0.9071623213341502,0.4255339999993642,0.6290794859555943,0.768372128064838
398,0.0001,0.1094670118320556,0.899591182965772,0.4326083603359404,0.6232343863933307,0.7637968175106987
399,0.0001,0.10810269947562899,0.9043024454764521,0.43238612441789537,0.6242908671155771,0.7648391992107423
